object,frame,x,y
gaze,0,1122,737.5
gaze,0,1354.5,757
gaze,0,1601.5,906.5
gaze,1,1621.5,970
gaze,1,1415.5,899.5
gaze,2,1337.5,901
gaze,2,968,1061.5
gaze,3,951.5,975
gaze,3,803,1088
gaze,4,592,825.5
gaze,5,676,775.5
gaze,5,437.5,366.5
gaze,6,581,339.5
gaze,6,516.5,217.5
gaze,7,687,280.5
gaze,7,781.5,486
gaze,8,581,396.5
gaze,8,694.5,616.5
gaze,9,422,449.5
gaze,9,486,512
gaze,10,493.5,458
gaze,11,435,538.5
gaze,11,455.5,515
gaze,12,243.5,557.5
gaze,12,304.5,695.5
gaze,13,0,343.5
gaze,13,44,427
gaze,14,232.5,325.5
gaze,14,456,435
gaze,15,482.5,612
gaze,15,824.5,789
gaze,16,473.5,707
gaze,17,622,827
gaze,17,632.5,834.5
gaze,18,772.5,865.5
gaze,18,924,1042.5
gaze,19,906.5,916
gaze,20,1111,874
gaze,20,842,936.5
gaze,21,709.5,507.5
gaze,21,814,712
gaze,22,747,589
gaze,22,988,558
gaze,23,813,757
gaze,23,840.5,738
gaze,24,422,702.5
gaze,24,388.5,624.5
gaze,25,310,531
gaze,25,207,386
gaze,26,207,386
gaze,26,498.5,512
gaze,36,680,543
gaze,38,675.5,546.5
gaze,38,979,658.5
gaze,39,389.5,357
gaze,39,313.5,468.5
gaze,40,221.5,381
gaze,40,0,415.5
gaze,41,345.5,331
gaze,41,426,606
gaze,42,799,591
gaze,43,816,1019
gaze,43,1333,1050
gaze,44,1243,1088
gaze,45,1380.5,862
gaze,45,1429,866
gaze,46,1086.5,604
gaze,46,885,827.5
gaze,47,892,776
gaze,47,758.5,1000.5
gaze,48,916.5,915
gaze,49,1046,1008.5
gaze,49,1112.5,829
gaze,50,1073.5,969.5
gaze,50,1102,799
gaze,51,1111.5,899.5
gaze,51,1038.5,800
gaze,52,1222.5,950
gaze,52,1224,1049.5
gaze,53,1036.5,997.5
gaze,53,1516,1088
gaze,54,1072,989.5
gaze,54,1517,1088
gaze,55,1046,905
gaze,56,1082.5,899.5
gaze,56,785.5,790
gaze,57,1025.5,934
gaze,57,919.5,979.5
gaze,58,815.5,986
gaze,58,718.5,1055.5
gaze,59,616,914.5
gaze,59,722,1041
gaze,60,764,915
gaze,60,861,1017.5
gaze,61,749.5,878.5
gaze,62,789.5,819
gaze,62,808,777.5
gaze,63,858.5,782
gaze,63,1016.5,589
gaze,64,1150,799
gaze,64,1308,606
gaze,65,1605,614.5
gaze,65,1611.5,620.5
gaze,66,1563.5,651.5
gaze,66,1481,600
gaze,67,1259,702
gaze,68,949.5,781
gaze,68,1164,750
gaze,69,809,850.5
gaze,69,1059,891
gaze,70,1189,1008
gaze,70,1047.5,954.5
gaze,71,1024.5,955
gaze,72,949.5,770
gaze,72,641,567.5
gaze,73,767,519
gaze,73,746,469
gaze,74,732.5,441
gaze,74,663,486.5
gaze,75,625.5,380.5
gaze,75,652,709
gaze,76,632.5,717
gaze,76,931.5,1088
gaze,77,684,834
gaze,77,1141,993
gaze,78,589,526
gaze,79,1285,782
gaze,79,825,659
gaze,80,1162,842.5
gaze,81,1127,988.5
gaze,81,1067.5,1088
gaze,82,1175.5,1088
gaze,82,1294.5,1088
gaze,83,1199.5,1088
gaze,83,1273,1088
gaze,84,1519,1088
gaze,84,1511,1084
gaze,85,1706.5,1088
gaze,86,1355.5,938.5
gaze,86,1203,1088
gaze,87,1120,854.5
gaze,87,939,848.5
gaze,88,1281.5,976.5
gaze,88,1100.5,970.5
gaze,89,1404,1088
gaze,89,1373.5,1088
gaze,90,1773.5,1088
gaze,90,1743,1088
gaze,91,1673,1088
gaze,92,1920,1088
gaze,92,1471.5,1088
gaze,93,1847,1032
gaze,93,1562,1088
gaze,94,1637,868
gaze,94,1688.5,901.5
gaze,95,1511.5,889
gaze,95,1447,880
gaze,96,1225.5,663
gaze,97,1047,655
gaze,98,1087,619.5
gaze,98,999,722.5
gaze,99,927.5,900
gaze,99,953.5,1002
gaze,100,1148.5,1088
gaze,101,1129,1029
gaze,101,1396.5,1070
gaze,102,1030,824
gaze,102,1055.5,677
gaze,103,1166,936.5
gaze,104,1174.5,821.5
gaze,104,1625.5,1088
gaze,105,1608.5,1088
gaze,105,1364,1088
gaze,106,1361,1088
gaze,106,1072,1088
gaze,107,1128.5,1073.5
gaze,107,1097.5,1088
gaze,108,1085.5,995
gaze,108,997,1014
gaze,109,1055.5,827
gaze,109,953.5,780.5
gaze,110,921.5,762.5
gaze,110,952.5,659.5
gaze,111,833.5,852
gaze,111,1088,966
gaze,112,807.5,1006
gaze,112,1050.5,1088
gaze,113,1109.5,1088
gaze,113,1148.5,1088
gaze,114,1521,1088
gaze,114,1547,1088
gaze,115,1537.5,1088
gaze,116,1541.5,1088
gaze,116,1513.5,1088
gaze,117,1439.5,1055.5
gaze,117,1184,1037
gaze,118,1202,886.5
gaze,118,805,803
gaze,119,899,766
gaze,120,689,724
gaze,120,846.5,563.5
gaze,121,760.5,631
gaze,121,947.5,694.5
gaze,122,937.5,612
gaze,122,933,663
gaze,123,1088,718.5
gaze,123,971,585
gaze,124,984,676
gaze,124,1005,634
gaze,125,897.5,452
gaze,125,938.5,461.5
gaze,126,1021.5,349
gaze,126,829,257
gaze,127,784,281
gaze,127,779,362.5
gaze,128,607.5,301.5
gaze,129,743.5,404.5
gaze,130,757.5,344
gaze,130,805,427.5
gaze,131,796,408
gaze,131,734.5,488
gaze,132,871,541.5
gaze,132,645.5,377.5
gaze,133,1101,548.5
gaze,133,792.5,390
gaze,134,851.5,217
gaze,135,872,438.5
gaze,136,640,233.5
gaze,137,704,428
gaze,137,898.5,596.5
gaze,138,853,601.5
gaze,138,926.5,634
gaze,139,947.5,708
gaze,139,825.5,613
gaze,140,970.5,763
gaze,141,990,736
gaze,141,1138,648.5
gaze,142,1044.5,648.5
gaze,142,956,462
gaze,143,879,492
gaze,144,856,506
gaze,144,998.5,518
gaze,145,1034.5,522.5
gaze,145,965,542
gaze,146,1129.5,537
gaze,146,855,534.5
gaze,147,938.5,489
gaze,147,908,461
gaze,148,778.5,400.5
gaze,148,860,442.5
gaze,149,786,337
gaze,150,886,398
gaze,150,987,422.5
gaze,151,981,414.5
gaze,151,1051.5,425.5
gaze,152,894,461.5
gaze,152,894.5,354
gaze,153,780,446.5
gaze,153,784,373.5
gaze,154,878,462.5
gaze,154,807.5,318.5
gaze,155,895,471
gaze,156,841,387
gaze,156,783.5,424
gaze,157,927.5,547
gaze,157,880.5,528.5
gaze,158,953,655
gaze,158,1175,786
gaze,159,986.5,624.5
gaze,159,1127.5,646.5
gaze,160,1044.5,397
gaze,160,954,343.5
gaze,161,853,256
gaze,162,909.5,344.5
gaze,163,820.5,267.5
gaze,164,725.5,318.5
gaze,164,850,383.5
gaze,165,881,634
gaze,165,754.5,597
gaze,166,835.5,793
gaze,166,630.5,617
gaze,167,545.5,416
gaze,167,493,461
gaze,168,763.5,506
gaze,169,605,386
gaze,169,796,563.5
gaze,170,794,385.5
gaze,170,729.5,383
gaze,171,1099.5,444.5
gaze,172,902,376.5
gaze,172,895,439.5
gaze,173,845.5,311
gaze,173,464,316.5
gaze,174,742,354.5
gaze,174,790,555
gaze,175,782.5,545.5
gaze,175,939,729
gaze,176,949,864
gaze,177,752.5,694.5
gaze,177,901.5,963.5
gaze,178,775,718
gaze,178,940.5,735
gaze,179,851.5,610.5
gaze,179,1017,627.5
gaze,180,858,579
gaze,181,602,507
gaze,181,839.5,616.5
gaze,182,646,455
gaze,182,945,577
gaze,183,797.5,384.5
gaze,183,859,397
gaze,184,645,321
gaze,185,661.5,378
gaze,185,657.5,405
gaze,186,633,387
gaze,186,633,387
gaze,187,656,353
gaze,187,719.5,302
gaze,188,862.5,511
gaze,188,885,546.5
gaze,189,776.5,678
gaze,189,920,960.5
gaze,190,900,949
gaze,190,874,1042
gaze,191,978,984
gaze,192,619,659
gaze,192,555.5,576
gaze,193,730,333.5
gaze,193,866,426.5
gaze,194,1153.5,354.5
gaze,194,1318.5,383
gaze,195,1211.5,479.5
gaze,196,1062,335
gaze,196,967,519.5
gaze,197,821.5,369.5
gaze,197,946,568.5
gaze,198,748.5,413
gaze,198,939.5,715
gaze,199,713.5,431.5
gaze,199,748,603
gaze,200,863.5,597.5
gaze,200,895.5,505.5
gaze,201,895,623
gaze,201,967,480.5
gaze,202,708,473
gaze,203,799,466
gaze,203,663,471.5
gaze,204,812,546.5
gaze,204,812.5,507.5
gaze,205,864.5,503.5
gaze,205,931,526.5
gaze,206,816,377
gaze,206,828.5,378.5
gaze,207,664,349
gaze,207,599,350.5
gaze,208,529.5,448.5
gaze,209,626,497
gaze,209,622.5,473
gaze,210,657,412
gaze,210,607,272
gaze,211,480,271
gaze,211,451,200.5
gaze,212,465.5,257
gaze,212,562,416.5
gaze,213,688.5,294.5
gaze,213,776,463.5
gaze,214,796,384
gaze,214,787,393.5
gaze,215,643.5,395.5
gaze,215,643.5,395.5
gaze,216,641.5,495.5
gaze,216,787,528.5
gaze,217,639.5,543.5
gaze,217,856.5,556
gaze,218,517.5,576.5
gaze,218,667.5,520.5
gaze,219,568.5,444.5
gaze,220,709.5,484.5
gaze,220,770.5,322
gaze,221,642,310.5
gaze,221,826.5,343
gaze,222,563.5,196
gaze,222,642,213
gaze,223,671,253.5
gaze,223,711.5,239
gaze,224,836,501.5
gaze,224,876.5,488
gaze,225,1043.5,662
gaze,226,1015.5,816
gaze,226,1199,773.5
gaze,227,1209,973.5
gaze,227,1218.5,837.5
gaze,228,1329.5,779.5
gaze,228,1194.5,710
gaze,229,1147.5,428.5
gaze,229,912,405
gaze,230,878,358
gaze,230,867,375.5
gaze,231,830.5,479.5
gaze,231,950.5,532.5
gaze,232,647.5,500
gaze,233,832.5,566.5
gaze,234,896.5,647.5
gaze,235,831,594.5
gaze,236,1179.5,847.5
gaze,237,887,671.5
gaze,238,916,712
gaze,238,709.5,666.5
gaze,239,765,503.5
gaze,239,716.5,618.5
gaze,240,672.5,474
gaze,241,838,592
gaze,241,668.5,495
gaze,242,822,553
gaze,242,850,570
gaze,243,799.5,497
gaze,243,799.5,497
gaze,244,704,402
gaze,244,676.5,332.5
gaze,245,473.5,194
gaze,245,517.5,148.5
gaze,246,256,50
gaze,247,214,174
gaze,247,241,372
gaze,248,133,460
gaze,248,206,667.5
gaze,249,360,769.5
gaze,249,593,766.5
gaze,250,667.5,791
gaze,250,915,672.5
gaze,251,1106,659
gaze,251,1167,615
gaze,252,1402,748
gaze,253,1557,718
gaze,253,1470,1088
gaze,254,1441,778.5
gaze,255,1384,1088
gaze,255,1201.5,931.5
gaze,256,805,760
gaze,256,816,914.5
gaze,257,427.5,868.5
gaze,257,437,903.5
gaze,258,603.5,1044.5
gaze,258,847.5,1011.5
gaze,259,955.5,894.5
gaze,259,1278.5,848.5
gaze,260,1140.5,790
gaze,260,1281,793
gaze,261,949,880.5
gaze,261,1010.5,896.5
gaze,262,967.5,828.5
gaze,262,744,893.5
gaze,263,1133,872.5
gaze,263,833.5,958
gaze,264,913,1014
gaze,265,888,1088
gaze,265,840,821
gaze,266,1044.5,985.5
gaze,266,817,809.5
gaze,267,1086.5,851
gaze,267,897,924
gaze,268,865,935
gaze,269,1066,736.5
gaze,269,1306.5,911.5
gaze,270,1009.5,816.5
gaze,270,1398,911
gaze,271,855.5,783
gaze,272,773.5,728
gaze,272,613,458.5
gaze,273,531,403.5
gaze,274,825,641.5
gaze,274,938,686.5
gaze,275,942,738.5
gaze,275,1133,980.5
gaze,276,823.5,687.5
gaze,276,734,849.5
gaze,277,1108.5,1037
gaze,277,941,1002
gaze,278,1464,1088
gaze,278,1561.5,1088
gaze,279,1635.5,1088
gaze,280,1799.5,1088
gaze,280,1548.5,956
gaze,281,1546.5,902
gaze,281,1338.5,681
gaze,282,973.5,641
gaze,283,1012.5,575
gaze,283,675,579
gaze,284,926.5,531
gaze,285,749.5,461
gaze,285,848.5,419.5
gaze,286,892.5,564
gaze,286,809,581.5
gaze,287,906,638.5
gaze,287,897.5,739
gaze,288,662,621.5
gaze,289,623,623.5
gaze,289,802.5,864
gaze,290,581.5,632
gaze,290,833,834
gaze,291,983,984
gaze,291,902.5,991.5
gaze,292,1191,1088
gaze,292,1122.5,1088
gaze,293,772,1088
gaze,293,683,1088
gaze,294,568,873
gaze,294,623.5,921.5
gaze,295,822.5,839.5
gaze,296,897.5,897.5
gaze,296,727,652.5
gaze,297,750,817.5
gaze,297,695,767
gaze,298,544,717.5
gaze,298,938.5,910.5
gaze,299,627,665.5
gaze,300,890.5,770
gaze,300,538.5,642
gaze,301,657,669.5
gaze,301,575.5,574
gaze,302,656.5,613.5
gaze,302,790.5,622
gaze,303,866.5,587
gaze,303,866.5,587
gaze,304,928.5,624.5
gaze,304,956,556
gaze,305,828,581.5
gaze,305,819.5,526
gaze,306,743,467
gaze,307,725,432
gaze,307,704,422.5
gaze,308,740.5,396.5
gaze,309,805.5,617
gaze,310,748.5,514.5
gaze,310,935.5,803
gaze,311,810,624.5
gaze,311,845.5,672.5
gaze,312,932,701.5
gaze,313,866.5,691
gaze,313,987,742.5
gaze,314,987,742.5
gaze,315,976,653.5
gaze,316,942.5,645.5
gaze,316,782.5,395
gaze,317,1014.5,524.5
gaze,317,849.5,331.5
gaze,318,1041.5,533.5
gaze,318,912.5,461
gaze,319,858,598.5
gaze,319,729,526
gaze,320,764.5,536
gaze,320,865,514.5
gaze,321,778,431.5
gaze,321,1034,467.5
gaze,322,761,360.5
gaze,322,863.5,399
gaze,323,756.5,436.5
gaze,323,755,503
gaze,324,925.5,658
gaze,324,977,743.5
gaze,325,980.5,575
gaze,325,889.5,529
gaze,326,635,307.5
gaze,326,642,280.5
gaze,327,605.5,354.5
gaze,328,685,282
gaze,328,815,567
gaze,329,969,478
gaze,329,1021,693
gaze,330,963.5,521
gaze,330,886.5,531.5
gaze,331,771,326
gaze,331,723.5,346
gaze,332,733,391
gaze,332,812.5,393.5
gaze,333,878.5,760.5
gaze,333,893,727
gaze,334,803.5,682.5
gaze,334,901,788.5
gaze,335,796,519
gaze,335,960.5,618.5
gaze,336,1085,846.5
gaze,337,1152,840
gaze,337,992.5,705
gaze,338,895.5,729
gaze,338,947,584.5
gaze,339,977.5,678.5
gaze,340,909,685
gaze,340,1156,876.5
gaze,341,979,690
gaze,341,1098.5,811.5
gaze,342,997.5,667
gaze,343,1019,741.5
gaze,343,987,678.5
gaze,344,905.5,746
gaze,344,1095.5,733.5
gaze,345,986,660.5
gaze,345,1109,652.5
gaze,346,1110,775
gaze,346,1157,801
gaze,347,1078.5,871.5
gaze,348,1121.5,918.5
gaze,348,1035.5,800.5
gaze,349,1065,844.5
gaze,349,1185,812.5
gaze,350,967,758
gaze,350,1087.5,663.5
gaze,351,819,665
gaze,351,798.5,479
gaze,352,726,654
gaze,352,662,468
gaze,353,842,622.5
gaze,354,722.5,497.5
gaze,354,1029.5,778.5
gaze,355,1082,748
gaze,355,933.5,961
gaze,356,1024,883.5
gaze,357,782.5,894
gaze,357,690,665
gaze,358,742,730.5
gaze,358,812.5,642.5
gaze,359,793.5,590
gaze,359,920.5,683
gaze,360,786.5,737
gaze,360,723.5,708.5
gaze,361,1160,1088
gaze,362,1041,857
gaze,362,1306.5,834.5
gaze,363,1263,772
gaze,363,933,420.5
gaze,364,1063.5,530
gaze,364,962,462.5
gaze,365,1098.5,536
gaze,365,1061,681
gaze,366,1042,556.5
gaze,366,907.5,695.5
gaze,367,865,555.5
gaze,368,714,572
gaze,368,777.5,597
gaze,369,1007,692
gaze,369,1029.5,679
gaze,370,1216.5,732.5
gaze,371,1208.5,760
gaze,371,1243.5,772.5
gaze,372,1076.5,658.5
gaze,372,1327.5,877
gaze,373,844,513.5
gaze,373,984.5,697.5
gaze,374,625.5,506.5
gaze,374,604,484.5
gaze,375,749.5,484.5
gaze,375,764.5,477.5
gaze,376,861.5,489.5
gaze,377,809.5,477
gaze,377,811,560
gaze,378,736.5,461.5
gaze,378,869.5,512
gaze,379,881.5,521.5
gaze,379,881.5,521.5
gaze,380,941,608.5
gaze,380,953.5,593
gaze,381,976,630.5
gaze,381,925.5,548
gaze,382,942,646.5
gaze,382,879,579.5
gaze,383,960,614
gaze,383,921,587
gaze,384,927,514.5
gaze,384,911.5,507.5
gaze,385,765,445
gaze,385,788.5,465
gaze,386,730,468
gaze,387,764,510.5
gaze,387,866,477
gaze,388,900,519.5
gaze,388,955,539
gaze,389,1200.5,637
gaze,389,1106,677
gaze,390,1232,749.5
gaze,390,1173,800.5
gaze,391,1044.5,676.5
gaze,391,1029,737
gaze,392,1065.5,733
gaze,393,1107,719.5
gaze,393,1270,888.5
gaze,394,1330,827
gaze,394,1215.5,819
gaze,395,1198,756.5
gaze,395,999.5,714
gaze,396,1082.5,587.5
gaze,396,1155,651.5
gaze,397,1089.5,513.5
gaze,397,1053.5,504
gaze,398,1027.5,582.5
gaze,398,952.5,549
gaze,399,1233,610.5
gaze,399,1206.5,694.5
gaze,400,1358.5,605.5
gaze,401,1332,689.5
gaze,401,1247.5,712.5
gaze,402,1278.5,729
gaze,402,1201,800.5
gaze,403,1103,827.5
gaze,403,1175,832.5
gaze,404,1071,914
gaze,405,1142,931
gaze,405,1155,877
gaze,406,1128,833.5
gaze,406,1116,708.5
gaze,407,967.5,610
gaze,407,910.5,617
gaze,408,802.5,473
gaze,408,745.5,480
gaze,409,814,510
gaze,410,820,523
gaze,410,767.5,588
gaze,411,773.5,601
gaze,411,855.5,676.5
gaze,412,752.5,426
gaze,413,907,578
gaze,413,838.5,400
gaze,414,702,394.5
gaze,414,915.5,546
gaze,415,850.5,558.5
gaze,415,1063.5,643
gaze,416,1021,628
gaze,417,1055,633.5
gaze,417,1027,692
gaze,418,1027,692
gaze,419,1128,762
gaze,419,1172,836
gaze,420,1222,792
gaze,420,1087.5,754
gaze,421,1154,804.5
gaze,422,1060.5,732.5
gaze,422,1132,817.5
gaze,423,1217,857.5
gaze,424,1063,649
gaze,425,1319.5,850
gaze,425,945.5,438.5
gaze,426,1157,576.5
gaze,426,943.5,507.5
gaze,427,934.5,529.5
gaze,427,867.5,574
gaze,428,885.5,672.5
gaze,428,871.5,607
gaze,429,811,560
gaze,430,868.5,547
gaze,430,856.5,522
gaze,431,1165,762.5
gaze,431,971,714
gaze,432,1276.5,957
gaze,432,814.5,558.5
gaze,433,906,716
gaze,434,756,410
gaze,434,915.5,580
gaze,435,1030,595.5
gaze,435,1008.5,598.5
gaze,436,1191,657.5
gaze,437,1033,679
gaze,437,1268.5,795.5
gaze,438,1160,776
gaze,439,1067.5,849
gaze,439,971.5,797.5
gaze,440,884,699
gaze,440,625,606.5
gaze,441,940,499
gaze,441,562.5,389.5
gaze,442,742,357.5
gaze,442,687.5,509
gaze,443,580.5,512
gaze,443,534,556.5
gaze,444,745.5,821
gaze,445,490,635.5
gaze,445,783.5,857.5
gaze,446,826,816
gaze,446,793.5,757.5
gaze,447,858.5,777.5
gaze,447,614.5,650
gaze,448,962.5,837
gaze,448,477,614.5
gaze,449,1076,809.5
gaze,449,632.5,714.5
gaze,450,789.5,545.5
gaze,451,697.5,611
gaze,451,654,473
gaze,452,864,464.5
gaze,453,848,504.5
gaze,456,968,591.5
gaze,456,1009,641.5
gaze,457,974.5,759
gaze,458,802.5,822.5
gaze,458,822.5,751.5
gaze,459,620,795
gaze,459,867,782
gaze,460,675.5,588.5
gaze,460,840.5,611.5
gaze,461,575,387.5
gaze,461,493,358
gaze,462,409,280.5
gaze,462,401,428.5
gaze,463,644,365
gaze,463,623.5,545.5
gaze,464,824.5,573.5
gaze,465,866.5,547.5
gaze,465,738,540
gaze,466,820,518.5
gaze,466,1081,696.5
gaze,467,826.5,483
gaze,468,1273,739
gaze,468,1007.5,476
gaze,469,1139.5,578
gaze,469,1037.5,495.5
gaze,470,1046.5,574.5
gaze,470,1021.5,628.5
gaze,471,1059.5,599
gaze,472,850,763
gaze,472,923.5,711.5
gaze,473,614,731
gaze,473,577,522.5
gaze,474,593,771.5
gaze,474,576.5,476
gaze,475,539,660.5
gaze,475,653.5,561
gaze,476,625.5,456
gaze,476,815.5,471.5
gaze,477,864,439
gaze,477,895,521.5
gaze,478,805.5,545
gaze,478,658,628.5
gaze,479,613,647
gaze,479,557.5,708
gaze,480,699,701
gaze,481,651.5,712.5
gaze,481,771,676.5
gaze,482,829,757.5
gaze,482,720,647
gaze,483,834.5,704
gaze,483,899,747.5
gaze,484,793,552
gaze,485,1067,612
gaze,485,1161,701
gaze,486,1239,641
gaze,486,1340.5,731
gaze,487,1278.5,673.5
gaze,487,1301,560
gaze,488,1168,485.5
gaze,489,1353,711
gaze,490,973.5,554.5
gaze,490,1214,904.5
gaze,491,826.5,681.5
gaze,492,1042.5,858.5
gaze,492,1075,718.5
gaze,493,1044.5,717.5
gaze,494,937.5,679.5
gaze,494,989,796
gaze,495,770.5,814.5
gaze,496,839,1038
gaze,497,926,941.5
gaze,497,835,866.5
gaze,498,605.5,687
gaze,499,640,439.5
gaze,499,584,579
gaze,500,874.5,544
gaze,500,877.5,661.5
gaze,501,1033,651.5
gaze,502,718,616.5
gaze,502,669.5,570
gaze,503,590.5,478.5
gaze,503,531.5,537
gaze,504,611,524.5
gaze,504,459.5,429.5
gaze,505,432.5,486
gaze,506,598,511.5
gaze,506,388.5,512
gaze,507,707.5,664.5
gaze,507,607.5,685
gaze,508,788,697
gaze,508,747,677
gaze,509,866.5,715.5
gaze,510,940.5,802.5
gaze,510,972.5,781
gaze,511,1344,945
gaze,511,1353,1088
gaze,512,1628,1088
gaze,512,1404.5,1088
gaze,513,1193.5,1071.5
gaze,514,1068,724
gaze,514,883.5,608
gaze,515,987,502
gaze,516,1034,640.5
gaze,516,997,564.5
gaze,517,859.5,506
gaze,517,744,463.5
gaze,518,586,274
gaze,518,543,274
gaze,519,543,274
gaze,520,629.5,211.5
gaze,520,620.5,360
gaze,521,816,543
gaze,521,829.5,654
gaze,522,1004,768
gaze,522,1155.5,839
gaze,523,1050.5,597
gaze,524,1088,806.5
gaze,524,920.5,840
gaze,525,671.5,729.5
gaze,525,688,792
gaze,526,530.5,580.5
gaze,527,832.5,529
gaze,527,803.5,615.5
gaze,528,1085,674.5
gaze,528,853,560
gaze,529,944,553.5
gaze,529,735.5,387
gaze,530,866.5,408.5
gaze,531,893,809.5
gaze,531,933,837.5
gaze,532,711,1001
gaze,532,718,1010
gaze,533,464,807
gaze,533,852,799
gaze,534,817,886.5
gaze,535,1198,869.5
gaze,535,955.5,917
gaze,536,982.5,914
gaze,537,810.5,867.5
gaze,537,837.5,864.5
gaze,538,988.5,1014
gaze,538,1065.5,817
gaze,539,1181,973
gaze,540,1137,589.5
gaze,540,1367,868.5
gaze,541,1042.5,568
gaze,542,1256.5,662.5
gaze,542,1040.5,525
gaze,543,1024.5,340.5
gaze,543,1080,497
gaze,544,978,497
gaze,545,1005.5,592.5
gaze,545,873,470.5
gaze,546,832.5,386
gaze,546,705,219.5
gaze,547,705,219.5
gaze,548,713,248.5
gaze,548,829.5,435.5
gaze,549,804.5,402
gaze,549,914.5,666
gaze,550,900,599
gaze,551,847.5,541.5
gaze,551,963,581.5
gaze,552,937.5,445.5
gaze,552,846,431.5
gaze,553,856,422.5
gaze,553,755,422
gaze,554,777.5,462.5
gaze,554,644.5,400
gaze,555,685.5,312.5
gaze,556,521.5,124
gaze,556,575.5,0
gaze,557,572.5,0
gaze,557,723,0
gaze,558,616,84.5
gaze,558,611,79.5
gaze,559,365,137.5
gaze,560,486,121
gaze,560,494,151
gaze,561,822.5,218.5
gaze,561,954.5,618
gaze,562,913,472
gaze,563,1022,972
gaze,563,941,631
gaze,564,1076.5,777.5
gaze,564,1025,445.5
gaze,565,933.5,522
gaze,565,948.5,517.5
gaze,566,791.5,443.5
gaze,566,958.5,647.5
gaze,567,942,582
gaze,568,974.5,655
gaze,568,974.5,655
gaze,569,918,537
gaze,569,806.5,447
gaze,570,869.5,309.5
gaze,570,894.5,430
gaze,571,1100,606
gaze,571,1037,745.5
gaze,572,1183.5,806.5
gaze,572,984,735.5
gaze,573,1035,639
gaze,573,806.5,427
gaze,574,806.5,427
gaze,574,616.5,274
gaze,575,616.5,274
gaze,575,709.5,306
gaze,576,708.5,322.5
gaze,577,709.5,284
gaze,577,699,275.5
gaze,578,645.5,264
gaze,579,617,104.5
gaze,579,766,122.5
gaze,580,944.5,260.5
gaze,581,1119,306.5
gaze,581,1379,604.5
gaze,582,1257.5,634.5
gaze,582,1264.5,646
gaze,583,997.5,667
gaze,583,930.5,646.5
gaze,584,943.5,651.5
gaze,584,670,502.5
gaze,585,781.5,513.5
gaze,585,597.5,387.5
gaze,586,933,572.5
gaze,586,1011,589
gaze,587,1215,742.5
gaze,588,990,549
gaze,588,947.5,658
gaze,589,695,516.5
gaze,589,886.5,727.5
gaze,590,761.5,598.5
gaze,591,842.5,694
gaze,591,766,561.5
gaze,592,781.5,473.5
gaze,592,811,553.5
gaze,593,781.5,360.5
gaze,593,765.5,366.5
gaze,594,680.5,200
gaze,594,768.5,321
gaze,595,678,217
gaze,595,708,313.5
gaze,596,670.5,299
gaze,596,577.5,144
gaze,596,590.5,172
gaze,597,580,67
gaze,597,423,16
gaze,598,460.5,66.5
gaze,598,404,192.5
gaze,599,471,303
gaze,599,742.5,431.5
gaze,600,678.5,553
gaze,601,1039.5,532.5
gaze,601,918.5,640
gaze,602,1108.5,668
gaze,602,1061.5,779.5
gaze,603,1152.5,831.5
gaze,603,1011,791.5
gaze,604,1102,843.5
gaze,605,832,654.5
gaze,605,837,619
gaze,606,859,694.5
gaze,606,808,535.5
gaze,607,978,694.5
gaze,608,891.5,595
gaze,608,913.5,534.5
gaze,609,713,334
gaze,609,746,321.5
gaze,610,636,139
gaze,611,836.5,264
gaze,611,770.5,312
gaze,612,960,389
gaze,613,788.5,549.5
gaze,613,750,492
gaze,614,731.5,555
gaze,614,826.5,598.5
gaze,615,936,535
gaze,615,1061,772
gaze,616,1143.5,800
gaze,617,1134.5,931
gaze,617,1282,956
gaze,618,1235.5,908.5
gaze,619,1188.5,899.5
gaze,619,1095,871.5
gaze,620,866,769
gaze,621,743,574.5
gaze,621,762,537.5
gaze,622,743.5,373.5
gaze,622,775.5,433.5
gaze,623,755.5,433.5
gaze,623,867.5,592.5
gaze,624,689.5,464
gaze,625,627.5,472.5
gaze,625,637,414.5
gaze,626,478,376.5
gaze,626,725.5,611
gaze,627,788,645.5
gaze,627,858.5,851
gaze,628,925,865.5
gaze,628,635,612.5
gaze,629,747,802.5
gaze,630,532.5,539
gaze,630,558,569
gaze,631,484,516
gaze,632,564,417
gaze,632,552.5,380.5
gaze,633,639,371
gaze,633,730.5,454
gaze,634,873.5,430.5
gaze,635,675,460
gaze,635,994,352
gaze,636,775.5,301
gaze,636,797,216.5
gaze,637,797,216.5
gaze,638,924.5,324
gaze,638,696.5,389
gaze,639,1042,592.5
gaze,640,1026,771
gaze,640,1129,873.5
gaze,641,1255.5,1022
gaze,642,1270,1012
gaze,642,1119.5,1088
gaze,643,1110.5,855
gaze,643,999,888
gaze,644,1035,566
gaze,644,934,509.5
gaze,645,991.5,503.5
gaze,646,1075,607
gaze,646,1019.5,541
gaze,647,1048.5,595.5
gaze,647,1036,535
gaze,648,911,484
gaze,649,786.5,401.5
gaze,649,770.5,377
gaze,650,779,401
gaze,650,585.5,276
gaze,651,787.5,436
gaze,651,665.5,344
gaze,652,950,285
gaze,653,781.5,504.5
gaze,654,991,349.5
gaze,655,901,653
gaze,656,974.5,692
gaze,656,979,617
gaze,657,1057.5,728.5
gaze,658,966,570.5
gaze,658,877,599.5
gaze,659,961.5,522
gaze,659,829.5,490.5
gaze,660,860,379
gaze,660,960.5,347
gaze,661,960.5,347
gaze,662,1231,502.5
gaze,662,1177.5,505.5
gaze,663,1098,661
gaze,663,1054,618
gaze,664,843,625.5
gaze,664,803.5,620
gaze,665,841.5,663.5
gaze,665,803.5,635
gaze,666,896,689
gaze,666,859,590
gaze,667,912.5,603
gaze,667,786,447
gaze,668,883,418.5
gaze,669,673,237.5
gaze,670,944,522.5
gaze,670,802.5,444.5
gaze,671,1022.5,702.5
gaze,672,989,679.5
gaze,672,989.5,603
gaze,673,857.5,533
gaze,673,857.5,533
gaze,674,995,601
gaze,674,787,460.5
gaze,675,1021,620.5
gaze,676,975.5,639
gaze,677,847.5,479.5
gaze,677,972,671.5
gaze,678,762,504.5
gaze,678,803.5,768
gaze,679,615.5,723
gaze,679,806,695.5
gaze,680,628.5,640.5
gaze,681,731.5,417.5
gaze,682,833,503
gaze,682,846,548
gaze,683,1098.5,597.5
gaze,683,1088,597.5
gaze,684,965.5,516
gaze,684,846,502.5
gaze,685,865,526.5
gaze,685,777.5,543.5
gaze,686,910.5,490
gaze,686,957,558
gaze,687,714.5,388.5
gaze,688,887,423
gaze,688,720.5,381
gaze,689,863.5,413.5
gaze,689,863.5,413.5
gaze,690,864,443
gaze,690,963,553.5
gaze,691,910.5,503.5
gaze,691,919,641
gaze,692,813,515
gaze,692,637,400
gaze,693,625.5,410
gaze,694,659,341
gaze,694,717,443
gaze,695,891.5,505
gaze,695,866.5,510
gaze,696,898,466.5
gaze,697,940,514
gaze,697,844,514.5
gaze,698,873.5,463.5
gaze,699,803.5,435.5
gaze,700,959,475.5
gaze,700,807.5,342
gaze,701,1022.5,415.5
gaze,701,794,389
gaze,702,816,329
gaze,702,721.5,361.5
gaze,703,706.5,381
gaze,704,727.5,368.5
gaze,704,809.5,512
gaze,705,749,351
gaze,705,846,475
gaze,706,732,340.5
gaze,706,850.5,404
gaze,707,943,469
gaze,708,943,578
gaze,708,1048.5,615.5
gaze,709,1006,672
gaze,709,976,567
gaze,710,861.5,616.5
gaze,710,867.5,351
gaze,711,665.5,319
gaze,711,787.5,235
gaze,712,884,359.5
gaze,712,980,386.5
gaze,713,1031,616.5
gaze,713,1041,567
gaze,714,1068.5,658.5
gaze,714,1120.5,745.5
gaze,715,997.5,611
gaze,715,1015.5,653
gaze,716,755,372
gaze,716,918.5,353
gaze,717,896,334.5
gaze,717,1134,474.5
gaze,718,1303,588
gaze,718,1126.5,673
gaze,719,1177,659
gaze,719,935.5,639
gaze,720,1132,639.5
gaze,720,1139.5,632.5
gaze,721,1424,689
gaze,722,1142,491
gaze,722,1193,545
gaze,723,988,565.5
gaze,723,987,421.5
gaze,724,1122,724
gaze,724,821.5,383
gaze,725,789.5,463
gaze,725,764,319
gaze,726,693,267.5
gaze,727,854.5,334.5
gaze,727,815.5,248.5
gaze,728,808,451.5
gaze,728,782,397
gaze,729,840,565
gaze,729,962.5,553.5
gaze,730,878,622
gaze,730,1092.5,756
gaze,731,874.5,644.5
gaze,732,1066,904.5
gaze,732,821,632
gaze,733,895,768.5
gaze,733,840,641.5
gaze,734,916.5,664.5
gaze,734,977,663
gaze,735,1090,711
gaze,735,1087,652.5
gaze,736,1060.5,673.5
gaze,736,986.5,618.5
gaze,737,934,696.5
gaze,737,840.5,638
gaze,738,738.5,615
gaze,739,776,688.5
gaze,739,520,406.5
gaze,740,535.5,590.5
gaze,740,560.5,552.5
gaze,741,588.5,549.5
gaze,742,637,550.5
gaze,742,709.5,499
gaze,743,788,385.5
gaze,743,653.5,328.5
gaze,744,864.5,286
gaze,744,852.5,325.5
gaze,745,701,265
gaze,745,906.5,477.5
gaze,746,777,485
gaze,747,772,468
gaze,747,1136.5,673.5
gaze,748,938.5,728.5
gaze,749,1195.5,733.5
gaze,749,1199.5,947.5
gaze,750,1059.5,684
gaze,750,1174,675.5
gaze,751,981,452
gaze,751,981.5,417.5
gaze,752,903.5,358.5
gaze,753,770,357.5
gaze,753,823,380.5
gaze,754,734.5,514
gaze,755,978,373
gaze,755,1023,507.5
gaze,756,1217.5,556.5
gaze,757,1419,873
gaze,757,1237.5,850
gaze,758,1083.5,796
gaze,758,1309,730.5
gaze,759,981,394
gaze,759,1143.5,550
gaze,760,1407.5,710.5
gaze,760,1232.5,774.5
gaze,761,1245.5,822.5
gaze,761,1346.5,839.5
gaze,762,1123,761
gaze,762,1097.5,742
gaze,763,1085.5,774
gaze,764,1058.5,704
gaze,764,1075,779
gaze,765,1125,762.5
gaze,765,934.5,572.5
gaze,766,988,704.5
gaze,766,860.5,553.5
gaze,767,785,522.5
gaze,767,795,471.5
gaze,768,805,485.5
gaze,769,460.5,223.5
gaze,769,724,355
gaze,770,521.5,421
gaze,771,453.5,288
gaze,771,595,480.5
gaze,772,472,404
gaze,772,553,401.5
gaze,773,640,497.5
gaze,773,648,509
gaze,774,722,574
gaze,774,964.5,698.5
gaze,775,766,604
gaze,775,1128,1016
gaze,776,912.5,820
gaze,777,1098.5,1025.5
gaze,777,976,909.5
gaze,778,1118.5,949
gaze,778,1006,937
gaze,779,1044.5,982
gaze,780,1052.5,815
gaze,780,1024,553.5
gaze,781,1152.5,852
gaze,781,1147,516
gaze,782,1095.5,912.5
gaze,782,934.5,644
gaze,783,844.5,497.5
gaze,783,881,511.5
gaze,784,796,352.5
gaze,784,1106,569
gaze,785,1229,585
gaze,786,1096.5,569
gaze,786,1386.5,666.5
gaze,787,965,529
gaze,787,983,488
gaze,788,792,473
gaze,788,810,432
gaze,789,1067.5,414
gaze,790,631,321
gaze,790,883.5,285
gaze,791,252.5,247.5
gaze,791,683,346.5
gaze,792,591,410.5
gaze,792,1039.5,516.5
gaze,793,926.5,308.5
gaze,793,1048,366
gaze,794,974,322.5
gaze,794,991,295.5
gaze,795,1232.5,628.5
gaze,795,1128,444
gaze,796,1165.5,529.5
gaze,796,1296,621
gaze,797,1071.5,443.5
gaze,798,1107,702
gaze,798,897,578.5
gaze,799,675.5,553
gaze,799,687,696.5
gaze,800,321,314.5
gaze,800,144.5,291.5
gaze,801,0,3
gaze,801,0,43
gaze,802,0,17
gaze,802,490,354.5
gaze,803,234.5,279
gaze,803,682.5,437
gaze,804,476.5,339.5
gaze,805,678.5,382
gaze,805,619,312.5
gaze,806,698.5,389.5
gaze,807,769,390
gaze,807,781,429.5
gaze,808,711,404.5
gaze,808,857.5,279
gaze,809,667.5,345.5
gaze,809,725,149
gaze,810,626.5,308.5
gaze,810,574,162
gaze,811,616,292.5
gaze,811,593,259.5
gaze,812,617,466
gaze,812,612,502.5
gaze,813,713.5,558.5
gaze,813,656.5,625
gaze,814,1045,519.5
gaze,814,932.5,611
gaze,815,1256.5,580
gaze,815,1271,698.5
gaze,816,1297,883
gaze,816,1305.5,854.5
gaze,817,1123,994.5
gaze,817,1063.5,857.5
gaze,818,1002,716.5
gaze,818,943.5,592.5
gaze,819,973.5,504.5
gaze,819,880.5,486.5
gaze,820,893,503.5
gaze,820,1080.5,570
gaze,821,1080.5,570
gaze,821,1498.5,686.5
gaze,822,1278,562
gaze,823,1322.5,916
gaze,824,1281.5,872.5
gaze,824,1137.5,1088
gaze,825,1246,1088
gaze,825,1316,1088
gaze,826,1354.5,890
gaze,826,1291,906
gaze,827,1403.5,750
gaze,828,1196,666.5
gaze,828,1199,753.5
gaze,829,1155.5,711
gaze,829,998,698.5
gaze,830,1121.5,717
gaze,831,936.5,609
gaze,831,1029.5,614.5
gaze,832,1024.5,557.5
gaze,832,1017,545.5
gaze,833,1038,458
gaze,833,1119.5,516.5
gaze,834,1165.5,535
gaze,834,1254.5,605.5
gaze,835,1252,658.5
gaze,835,1252,658.5
gaze,836,1117,539
gaze,837,1124.5,500.5
gaze,838,989,429
gaze,838,1042,437
gaze,839,884.5,421
gaze,839,1028,556.5
gaze,840,921,584
gaze,840,1023.5,685.5
gaze,841,1090.5,696
gaze,841,941.5,625
gaze,842,1097.5,641.5
gaze,842,847,485.5
gaze,843,959.5,505.5
gaze,844,873.5,397.5
gaze,844,920,422
gaze,845,908,346
gaze,845,953,460
gaze,846,944.5,473.5
gaze,846,829,466.5
gaze,847,843.5,520.5
gaze,847,757.5,495.5
gaze,848,804,497
gaze,848,857,552.5
gaze,850,927.5,611.5
gaze,851,964.5,455.5
gaze,851,978,499
gaze,852,1186,500.5
gaze,853,957.5,485
gaze,853,1131,532
gaze,854,951,524.5
gaze,854,923,427.5
gaze,855,920,589
gaze,856,1035.5,611.5
gaze,856,994.5,779
gaze,857,1204,913.5
gaze,857,1148.5,806.5
gaze,858,1213.5,902
gaze,858,1034,738.5
gaze,859,999.5,709
gaze,859,946,760.5
gaze,860,834,617
gaze,860,913,841
gaze,861,851.5,551
gaze,861,775,686.5
gaze,862,761,480.5
gaze,863,801,568
gaze,863,727,583
gaze,864,852,651
gaze,864,828.5,528.5
gaze,865,946.5,549
gaze,865,884,426
gaze,866,1029,384.5
gaze,866,1060.5,394
gaze,867,1001.5,499.5
gaze,867,1084,409.5
gaze,868,997.5,667
gaze,868,904,551.5
gaze,869,1058.5,531.5
gaze,869,997,471
gaze,870,817.5,271
gaze,870,837,261.5
gaze,871,792.5,322
gaze,871,812,312.5
gaze,871,1085,439.5
gaze,872,929.5,368
gaze,872,946.5,428.5
gaze,873,785,352
gaze,873,819,436
gaze,874,811.5,490.5
gaze,875,902.5,515.5
gaze,875,901,575
gaze,876,1106.5,653.5
gaze,876,1141,653
gaze,877,1167.5,774.5
gaze,878,1202,774
gaze,878,1076,897
gaze,879,878,751
gaze,880,1102,828.5
gaze,880,788,609.5
gaze,881,1050,614.5
gaze,882,900,539.5
gaze,882,883,515
gaze,883,861.5,430.5
gaze,883,844.5,423.5
gaze,884,1023,547.5
gaze,884,1023,547.5
gaze,885,1160.5,698
gaze,885,1160.5,698
gaze,886,1154,661.5
gaze,886,1020.5,592.5
gaze,887,981,668
gaze,887,790.5,493
gaze,888,887,646
gaze,888,830,540
gaze,889,1021.5,565.5
gaze,889,1053,667
gaze,889,1086.5,595.5
gaze,890,1117,773.5
gaze,890,1117.5,727
gaze,891,1066.5,630.5
gaze,891,1126,711.5
gaze,892,1074.5,556
gaze,892,1133.5,683.5
gaze,893,972.5,607.5
gaze,894,866,473
gaze,894,716,417.5
gaze,895,757,420.5
gaze,895,766.5,458.5
gaze,896,945,636.5
gaze,896,945,636.5
gaze,897,1057,632.5
gaze,898,874.5,535
gaze,898,789,462.5
gaze,899,1141,631.5
gaze,900,765,509.5
gaze,900,1460,843
gaze,901,1062,662.5
gaze,901,1242,752.5
gaze,902,962.5,618
gaze,902,850,528
gaze,903,959,655.5
gaze,903,737.5,349.5
gaze,904,993.5,636
gaze,905,1060,592
gaze,905,1172,764
gaze,906,915.5,635.5
gaze,906,1157.5,753
gaze,907,745,475.5
gaze,907,851,433
gaze,908,955.5,636
gaze,908,805,388.5
gaze,909,897,583
gaze,909,826.5,434.5
gaze,910,747,534
gaze,911,850.5,422
gaze,912,872,600.5
gaze,912,918,451.5
gaze,913,1231,686.5
gaze,914,1185.5,659.5
gaze,914,1214,696.5
gaze,915,1177,720
gaze,915,1081.5,612
gaze,916,953,588
gaze,916,1120.5,635
gaze,917,967,608
gaze,918,1047,571
gaze,918,973,581.5
gaze,919,935.5,488.5
gaze,919,939.5,479.5
gaze,920,796,474.5
gaze,920,976.5,539.5
gaze,921,752.5,472
gaze,921,929,546
gaze,922,903.5,541
gaze,922,915,479.5
gaze,923,996.5,571
gaze,923,1059.5,482
gaze,924,879,410.5
gaze,924,930.5,383
gaze,925,720,395.5
gaze,925,744,408.5
gaze,925,855,599.5
gaze,926,1049,615.5
gaze,926,1189,693
gaze,927,1232.5,696.5
gaze,927,1233.5,641.5
gaze,928,1064.5,716
gaze,929,1124,678
gaze,929,1081.5,752
gaze,930,978.5,552
gaze,931,1064.5,505.5
gaze,931,1077.5,408
gaze,932,937,347
gaze,932,1373,561.5
gaze,933,1189.5,675
gaze,933,1278.5,639
gaze,934,1324,861
gaze,935,1148.5,595.5
gaze,935,1154,714
gaze,936,916.5,496.5
gaze,936,919.5,521
gaze,937,878,529.5
gaze,937,941.5,543.5
gaze,938,1035.5,708.5
gaze,939,1188,618
gaze,939,974,640.5
gaze,940,1338,917
gaze,941,1001.5,707
gaze,941,1276.5,1088
gaze,942,803.5,681
gaze,942,803.5,681
gaze,943,697.5,490.5
gaze,943,697.5,490.5
gaze,943,818,524
gaze,944,897.5,719
gaze,944,982,671
gaze,945,1166.5,920.5
gaze,945,1059.5,751.5
gaze,946,1084,593.5
gaze,947,999.5,557.5
gaze,947,849,416.5
gaze,948,1064.5,519.5
gaze,948,810.5,489.5
gaze,949,919,507.5
gaze,949,769,440
gaze,950,968,518
gaze,950,862,524
gaze,951,1221,762
gaze,951,1081,734
gaze,952,1278.5,815
gaze,953,1237.5,850
gaze,953,1118.5,646.5
gaze,954,1102,689
gaze,954,975.5,722.5
gaze,955,1052,717
gaze,955,1082,875
gaze,956,1034.5,817.5
gaze,956,1047.5,660
gaze,957,987,638.5
gaze,957,1000,481
gaze,958,1089.5,571
gaze,958,1032,568.5
gaze,959,1075,492.5
gaze,959,1012.5,453.5
gaze,960,1005.5,396
gaze,961,988.5,382.5
gaze,961,963.5,496.5
gaze,962,1123.5,658.5
gaze,962,1098,687
gaze,963,1282,718
gaze,963,1162.5,779
gaze,964,1322,736.5
gaze,964,1202.5,797.5
gaze,965,1251,855.5
gaze,965,1223.5,801
gaze,966,1095.5,844
gaze,966,1197,846
gaze,967,1115.5,740.5
gaze,967,1262,771
gaze,968,1237,745.5
gaze,968,1254.5,719.5
gaze,969,1062.5,720
gaze,970,1081.5,726.5
gaze,970,885,626
gaze,971,879,547.5
gaze,971,1002,688
gaze,972,923,436.5
gaze,972,895.5,503
gaze,973,882,402
gaze,974,839.5,410.5
gaze,975,881.5,499
gaze,975,966.5,552
gaze,976,1217.5,613.5
gaze,977,1024,522.5
gaze,977,1296.5,552.5
gaze,978,1099.5,382.5
gaze,978,1198,474
gaze,979,1202,487.5
gaze,979,1217.5,585.5
gaze,980,1136,736
gaze,980,1076,734
gaze,981,1015,775
gaze,981,1054,790
gaze,982,1231.5,786.5
gaze,983,1057.5,662.5
gaze,983,1190,710
gaze,984,958.5,460
gaze,984,941.5,494
gaze,985,1004,460.5
gaze,985,1040,448
gaze,986,1115,577
gaze,986,1173.5,589.5
gaze,987,1156,587.5
gaze,987,1178.5,612.5
gaze,988,1251,679.5
gaze,988,1251,679.5
gaze,989,1230,948
gaze,990,1045.5,594.5
gaze,990,963.5,754
gaze,991,788.5,460
gaze,991,859,499
gaze,992,831,383
gaze,992,850,480.5
gaze,993,1108,502
gaze,993,878,511
gaze,994,1288.5,806.5
gaze,995,837.5,449.5
gaze,995,952.5,548
gaze,996,848.5,329
gaze,996,848.5,329
gaze,997,907,403
gaze,997,1032.5,488.5
gaze,998,996.5,611.5
gaze,998,1122,697
gaze,999,1272,934
gaze,1000,1331,928.5
gaze,1000,1430,1039.5
gaze,1001,1511,851.5
gaze,1001,1438.5,779
gaze,1002,1392,587.5
gaze,1002,1319.5,515
gaze,1003,1302.5,505.5
gaze,1004,1021.5,384.5
gaze,1004,1073,384
gaze,1005,1030,354
gaze,1005,817,294.5
gaze,1006,1160,448.5
gaze,1006,951,439
gaze,1007,1154.5,700.5
gaze,1007,1046,624
gaze,1008,1149.5,789
gaze,1008,968.5,628
gaze,1009,1088,684
gaze,1009,1026.5,668
gaze,1010,1048.5,637
gaze,1011,1125.5,619
gaze,1011,1033,498.5
gaze,1012,994,421.5
gaze,1012,993,430.5
gaze,1013,811,401
gaze,1013,811.5,392
gaze,1014,738.5,403
gaze,1014,817.5,554
gaze,1015,870.5,572
gaze,1015,1116,801.5
gaze,1016,990.5,814
gaze,1016,1521,1066
gaze,1017,975,610.5
gaze,1017,1337.5,802
gaze,1018,972.5,433.5
gaze,1018,837,317
gaze,1019,1021.5,572
gaze,1019,838,401.5
gaze,1020,1091.5,620
gaze,1021,1231,713
gaze,1021,1075,579
gaze,1022,1292.5,733
gaze,1022,1222.5,677
gaze,1023,1063.5,532
gaze,1023,1312,699
gaze,1024,1213,551.5
gaze,1024,1304,595.5
gaze,1025,1364.5,601
gaze,1026,1173,608
gaze,1026,1317,668.5
gaze,1027,1238,825
gaze,1027,1335.5,861
gaze,1028,1223,836
gaze,1029,1282.5,852
gaze,1030,1105.5,730.5
gaze,1031,1016,539
gaze,1032,1222.5,718.5
gaze,1033,948.5,554
gaze,1033,1040,598
gaze,1034,1067,666
gaze,1034,1035.5,609
gaze,1035,1033.5,491.5
gaze,1036,979,540
gaze,1036,901,421
gaze,1037,1001.5,643
gaze,1037,1015.5,653
gaze,1038,1039.5,767
gaze,1038,1053.5,777
gaze,1039,876.5,561
gaze,1039,881,525.5
gaze,1040,736.5,370
gaze,1040,741,334.5
gaze,1041,819.5,388
gaze,1041,782.5,422
gaze,1042,1027,577.5
gaze,1042,906.5,530.5
gaze,1043,1043,622.5
gaze,1043,959.5,541.5
gaze,1044,1051.5,674.5
gaze,1045,1051.5,674.5
gaze,1045,1048,783
gaze,1046,1041.5,719.5
gaze,1046,1037.5,619.5
gaze,1047,1127.5,580
gaze,1048,998.5,438.5
gaze,1048,811,479.5
gaze,1049,711,385
gaze,1049,577.5,452
gaze,1050,575,575.5
gaze,1050,793.5,606
gaze,1051,853.5,675.5
gaze,1051,920.5,710
gaze,1052,922.5,503.5
gaze,1052,944.5,554.5
gaze,1053,941,508
gaze,1053,1047,505.5
gaze,1054,1282,603
gaze,1055,1166,509.5
gaze,1055,1421.5,605
gaze,1056,1019,472.5
gaze,1056,1112.5,533.5
gaze,1057,951.5,429
gaze,1058,956,459
gaze,1058,1081,557.5
gaze,1059,1035.5,480.5
gaze,1059,1135,662
gaze,1060,1172,633
gaze,1060,1284.5,722
gaze,1061,1371.5,800
gaze,1061,1303.5,832.5
gaze,1062,1297,773
gaze,1063,1305.5,902
gaze,1063,1299,842.5
gaze,1064,1372.5,922
gaze,1064,1310.5,797
gaze,1065,1180.5,723
gaze,1065,1054.5,527.5
gaze,1066,1083,626.5
gaze,1066,1019,556
gaze,1067,1064,559.5
gaze,1067,1275.5,564
gaze,1068,1300.5,662.5
gaze,1069,1357.5,529.5
gaze,1069,1383.5,759
gaze,1070,1300,684
gaze,1070,1206,697.5
gaze,1071,1226.5,721.5
gaze,1071,1207.5,543
gaze,1072,1119.5,664.5
gaze,1072,1180.5,523
gaze,1073,1100,639.5
gaze,1073,1091.5,652.5
gaze,1074,1114,625
gaze,1074,1107.5,678.5
gaze,1075,1063.5,692
gaze,1075,1013.5,664.5
gaze,1076,851.5,629
gaze,1076,959.5,571
gaze,1077,837.5,504
gaze,1077,997.5,514
gaze,1077,928,480
gaze,1078,1003,551.5
gaze,1078,1003,551.5
gaze,1079,964,586.5
gaze,1079,964,586.5
gaze,1080,909.5,500.5
gaze,1080,913,555
gaze,1081,951,461
gaze,1081,953,516
gaze,1082,965,492.5
gaze,1082,958,457
gaze,1083,1082.5,645.5
gaze,1084,1016.5,558.5
gaze,1084,1134.5,746
gaze,1085,1193.5,739.5
gaze,1085,1230.5,756
gaze,1086,1273.5,767.5
gaze,1086,1306,791
gaze,1087,876,634
gaze,1087,886,683
gaze,1088,532.5,559
gaze,1088,688,505
gaze,1089,605.5,612
gaze,1090,873.5,519
gaze,1090,708,532.5
gaze,1091,1083.5,660.5
gaze,1091,877.5,431
gaze,1092,1002.5,644
gaze,1092,998,600
gaze,1093,743.5,596.5
gaze,1093,813.5,615
gaze,1094,823,535
gaze,1095,628,349.5
gaze,1095,741.5,341
gaze,1096,743.5,313
gaze,1096,777,355
gaze,1097,909.5,406
gaze,1097,953,495
gaze,1097,895.5,360
gaze,1098,905.5,484
gaze,1098,967,388.5
gaze,1099,783,373
gaze,1099,886,379.5
gaze,1100,867,515.5
gaze,1100,867,515.5
gaze,1101,960.5,729
gaze,1102,928.5,682
gaze,1102,911.5,633
gaze,1103,805,559.5
gaze,1103,891,504
gaze,1103,816.5,477.5
gaze,1104,984.5,557
gaze,1104,1032,562.5
gaze,1105,1183,692.5
gaze,1105,1132.5,663
gaze,1106,1188.5,680.5
gaze,1106,1075.5,654
gaze,1107,977.5,510.5
gaze,1107,997,600
gaze,1108,1237,544
gaze,1109,1324.5,645.5
gaze,1109,1368,680.5
gaze,1110,1379,741
gaze,1111,1120.5,662
gaze,1111,966,657.5
gaze,1112,1124.5,724.5
gaze,1112,1199,769
gaze,1113,1171.5,778.5
gaze,1113,1451.5,909.5
gaze,1114,1158,631
gaze,1114,1177.5,603
gaze,1115,1111.5,514
gaze,1115,974.5,483.5
gaze,1116,1036,595
gaze,1116,1000,647.5
gaze,1117,1066.5,674.5
gaze,1118,1094,687.5
gaze,1118,1099,615
gaze,1119,1164.5,608
gaze,1119,1045.5,526
gaze,1120,1196.5,440
gaze,1120,1196.5,440
gaze,1121,1415,549.5
gaze,1121,1415,549.5
gaze,1122,1162,531.5
gaze,1122,1278.5,620
gaze,1123,947,377
gaze,1123,1074.5,494.5
gaze,1124,939.5,452
gaze,1124,1209.5,546.5
gaze,1125,724.5,303
gaze,1125,1161.5,454.5
gaze,1126,744.5,338
gaze,1126,1058,470
gaze,1127,961,701.5
gaze,1128,1083,649
gaze,1128,1121,752.5
gaze,1129,1031.5,638
gaze,1129,1043.5,579.5
gaze,1129,1063.5,705
gaze,1130,1274.5,756
gaze,1130,1198.5,749.5
gaze,1131,1308,804
gaze,1131,1235.5,706
gaze,1132,1159,671
gaze,1132,1258.5,721
gaze,1133,1198,646
gaze,1133,1201.5,622.5
gaze,1134,1041.5,588
gaze,1134,985.5,467.5
gaze,1135,903,557
gaze,1136,988.5,525.5
gaze,1136,913.5,491.5
gaze,1137,990,538.5
gaze,1137,977.5,469.5
gaze,1138,1148.5,702.5
gaze,1138,1128.5,684
gaze,1139,1506.5,931
gaze,1139,1277,933
gaze,1140,1402.5,776
gaze,1140,1082.5,742.5
gaze,1141,1433.5,847.5
gaze,1141,1064.5,598.5
gaze,1142,1364.5,964.5
gaze,1142,1159,770.5
gaze,1143,956.5,787.5
gaze,1143,957.5,796.5
gaze,1144,1089.5,738
gaze,1144,1064,781.5
gaze,1145,1238.5,710.5
gaze,1145,1214,746.5
gaze,1146,1214.5,808
gaze,1146,1107.5,714
gaze,1147,1315,918
gaze,1147,1199.5,879
gaze,1148,1329,874.5
gaze,1149,1177,850.5
gaze,1149,1183.5,825
gaze,1150,1152.5,702
gaze,1150,1017,668.5
gaze,1151,1235,661
gaze,1151,1022,556
gaze,1152,1134.5,702.5
gaze,1152,1045,648.5
gaze,1153,975,571.5
gaze,1153,975,571.5
gaze,1154,884.5,477
gaze,1154,957.5,521
gaze,1155,854,521.5
gaze,1155,914.5,514
gaze,1156,838.5,457
gaze,1157,792.5,444
gaze,1157,779.5,419.5
gaze,1158,726,486
gaze,1158,709.5,459
gaze,1159,1012,588
gaze,1159,963.5,605.5
gaze,1160,1240.5,696.5
gaze,1160,1176,732.5
gaze,1161,1276.5,784
gaze,1161,1241,807.5
gaze,1162,1448,939.5
gaze,1162,1416,910.5
gaze,1163,1336.5,833.5
gaze,1164,1207,860
gaze,1164,1050,696
gaze,1165,920.5,722.5
gaze,1165,1018,754.5
gaze,1166,917.5,661.5
gaze,1166,941.5,636.5
gaze,1166,853.5,570
gaze,1167,972.5,589
gaze,1167,985,615.5
gaze,1168,1093.5,652
gaze,1168,1094,732.5
gaze,1169,947,616.5
gaze,1169,947.5,697
gaze,1170,823.5,557
gaze,1170,880,625.5
gaze,1171,798.5,520
gaze,1171,1007.5,637
gaze,1172,897,598.5
gaze,1172,1049.5,647
gaze,1173,972.5,601.5
gaze,1173,948,603.5
gaze,1174,1052,620.5
gaze,1174,1086.5,613
gaze,1175,999,580.5
gaze,1175,1058,571
gaze,1176,880,476.5
gaze,1176,872.5,447
gaze,1177,957.5,585.5
gaze,1178,921.5,564
gaze,1178,1022.5,715
gaze,1179,1097,796
gaze,1180,1118,875.5
gaze,1180,1225,1029.5
gaze,1181,1160.5,841
gaze,1181,1391,1088
gaze,1182,1287,744.5
gaze,1182,1478,1026
gaze,1183,1312,716.5
gaze,1183,1254.5,727
gaze,1184,1351,736
gaze,1184,1329,724
gaze,1185,1229.5,765.5
gaze,1186,1229.5,765.5
gaze,1187,920.5,590
gaze,1188,943,614.5
gaze,1188,928,549
gaze,1189,882,503
gaze,1189,832.5,504.5
gaze,1190,915,361
gaze,1191,907.5,458.5
gaze,1191,1178.5,475
gaze,1192,1029,529
gaze,1192,1182,720
gaze,1193,1138.5,573
gaze,1193,1171.5,674.5
gaze,1194,1156,530
gaze,1194,1156,530
gaze,1195,981.5,427.5
gaze,1195,739,273
gaze,1196,847,478.5
gaze,1196,766.5,419.5
gaze,1197,790,562
gaze,1197,952,657.5
gaze,1198,897,644
gaze,1198,897,644
gaze,1199,905,745
gaze,1199,974,680
gaze,1200,869,562.5
gaze,1200,1032.5,620
gaze,1201,1052.5,463
gaze,1201,1152,508.5
gaze,1202,1221.5,466
gaze,1202,1298,469.5
gaze,1203,807.5,345
gaze,1204,879,425.5
gaze,1204,574,389.5
gaze,1205,663.5,483.5
gaze,1205,875.5,579
gaze,1206,891.5,603.5
gaze,1206,939,679.5
gaze,1207,898,653.5
gaze,1208,945.5,729.5
gaze,1208,877.5,649.5
gaze,1210,877.5,649.5
gaze,1210,879,646
gaze,1211,883.5,657
gaze,1211,855,673.5
gaze,1212,859.5,684.5
gaze,1212,859,560
gaze,1212,859,560
gaze,1213,964.5,557.5
gaze,1213,869,545
gaze,1214,822.5,557.5
gaze,1214,755.5,611.5
gaze,1216,1078,824.5
gaze,1216,828,706.5
gaze,1217,1240.5,907
gaze,1217,734.5,744.5
gaze,1218,892,686.5
gaze,1218,812.5,760
gaze,1219,879,651.5
gaze,1219,1042,731
gaze,1220,1007.5,672
gaze,1220,937.5,644.5
gaze,1221,1109,700
gaze,1221,1024,644.5
gaze,1222,1025.5,543
gaze,1222,1010.5,540
gaze,1223,873,520
gaze,1223,998,621.5
gaze,1224,950.5,691
gaze,1224,1036.5,734
gaze,1225,1065.5,773
gaze,1226,1056,742
gaze,1226,1129,851
gaze,1227,824,676
gaze,1227,949,693
gaze,1228,520.5,413.5
gaze,1228,693,418
gaze,1229,561,324
gaze,1229,557.5,351.5
gaze,1230,455.5,296
gaze,1230,557.5,391
gaze,1231,582,348
gaze,1231,614,275
gaze,1232,663,371
gaze,1232,589.5,230.5
gaze,1233,602.5,255.5
gaze,1233,602.5,255.5
gaze,1234,562,161.5
gaze,1234,566.5,144.5
gaze,1235,442.5,67
gaze,1235,447,50
gaze,1236,660,162
gaze,1236,169.5,0
gaze,1237,674.5,254
gaze,1237,218.5,87.5
gaze,1238,419,380
gaze,1238,487,406.5
gaze,1239,555,385
gaze,1239,588.5,391
gaze,1240,671.5,363
gaze,1241,671.5,363
gaze,1241,660,568.5
gaze,1242,649.5,493.5
gaze,1242,616,365.5
gaze,1243,603.5,258
gaze,1243,463,193.5
gaze,1244,371,83
gaze,1244,424,295.5
gaze,1245,334,217.5
gaze,1245,363,370.5
gaze,1246,453,375
gaze,1246,437.5,461.5
gaze,1247,539.5,339.5
gaze,1247,785,683
gaze,1248,931.5,521
gaze,1248,1080.5,806.5
gaze,1249,1100,757.5
gaze,1250,1067.5,766
gaze,1250,646,554
gaze,1251,712.5,497
gaze,1251,424.5,288
gaze,1252,532.5,229.5
gaze,1252,564.5,385
gaze,1253,575.5,444.5
gaze,1253,687,732.5
gaze,1253,578.5,761.5
gaze,1254,758,792.5
gaze,1254,680.5,834.5
gaze,1255,663.5,575.5
gaze,1255,696.5,641
gaze,1256,578.5,382.5
gaze,1256,475.5,368.5
gaze,1257,540,357
gaze,1257,582,293.5
gaze,1258,398,545
gaze,1258,543,495.5
gaze,1259,351,456
gaze,1259,301.5,339
gaze,1260,475.5,237
gaze,1260,485.5,235
gaze,1261,545,284
gaze,1261,604.5,399
gaze,1262,646,518.5
gaze,1262,768,603
gaze,1263,531,623.5
gaze,1263,763,783.5
gaze,1264,272.5,472
gaze,1264,499,359.5
gaze,1265,574.5,194.5
gaze,1265,688.5,199.5
gaze,1266,1119,375.5
gaze,1266,837,561
gaze,1267,1143,672
gaze,1267,863.5,664.5
gaze,1268,935,612.5
gaze,1269,862.5,467.5
gaze,1269,1087.5,806.5
gaze,1270,909.5,676.5
gaze,1270,1187.5,989
gaze,1271,1112.5,956.5
gaze,1271,977,833
gaze,1272,1007.5,785.5
gaze,1273,1157.5,895
gaze,1273,957,659
gaze,1274,1242.5,892
gaze,1274,962,809
gaze,1275,962,809
gaze,1275,762.5,804.5
gaze,1276,761,706.5
gaze,1276,723,743
gaze,1277,647.5,599
gaze,1277,817.5,679
gaze,1278,743.5,633
gaze,1278,733,451
gaze,1279,733,451
gaze,1279,826.5,492
gaze,1280,823,532.5
gaze,1280,947,496.5
gaze,1280,938,574
gaze,1281,535,315.5
gaze,1281,592.5,371
gaze,1282,697,653.5
gaze,1282,760,672
gaze,1283,1126.5,983
gaze,1283,1109,831
gaze,1284,675,535.5
gaze,1284,657.5,383.5
gaze,1285,822.5,446
gaze,1285,675.5,426.5
gaze,1286,1152,500
gaze,1286,1237.5,259.5
gaze,1287,1043,577
gaze,1287,1233,194
gaze,1288,963.5,759
gaze,1289,921,597
gaze,1289,1017.5,770.5
gaze,1290,1030,724
gaze,1290,1264,888
gaze,1291,1214.5,945
gaze,1291,1286,992.5
gaze,1292,1177,942.5
gaze,1292,1236,951.5
gaze,1293,1055.5,739.5
gaze,1293,989.5,739
gaze,1294,792,729.5
gaze,1294,835.5,790.5
gaze,1295,787,787.5
gaze,1295,896.5,849
gaze,1296,824.5,807.5
gaze,1296,832,775.5
gaze,1297,799.5,726.5
gaze,1297,767,705.5
gaze,1298,1047,746.5
gaze,1298,947.5,718.5
gaze,1299,1185.5,791.5
gaze,1299,1026,689.5
gaze,1300,1129.5,826.5
gaze,1300,1029.5,763.5
gaze,1301,1113.5,1075.5
gaze,1301,1133.5,1088
gaze,1302,1085.5,966.5
gaze,1302,1178,1088
gaze,1303,1080,806
gaze,1303,982.5,991
gaze,1304,1116,796.5
gaze,1304,967.5,845
gaze,1305,1073,847.5
gaze,1306,1072.5,806.5
gaze,1307,948,920
gaze,1307,1099,837.5
gaze,1308,1047,830.5
gaze,1308,1212,757
gaze,1309,1153,647.5
gaze,1309,1218.5,507.5
gaze,1310,1171.5,410
gaze,1310,1387,449
gaze,1310,1171.5,532
gaze,1311,1384.5,724
gaze,1311,1144,898.5
gaze,1312,1188.5,957
gaze,1312,1163.5,1048.5
gaze,1313,1055,987.5
gaze,1313,1131,1026.5
gaze,1314,978.5,1043.5
gaze,1314,984,1088
gaze,1315,855,891.5
gaze,1315,800.5,836.5
gaze,1316,754,557
gaze,1316,803.5,463.5
gaze,1317,763,355
gaze,1317,796.5,357
gaze,1318,1135,302.5
gaze,1318,1054.5,437
gaze,1319,1486.5,451.5
gaze,1319,1649,852.5
gaze,1320,1281,829.5
gaze,1320,1397,1005.5
gaze,1321,1188,1023.5
gaze,1321,879,777.5
gaze,1322,1222.5,796
gaze,1322,864.5,543
gaze,1323,950,578
gaze,1323,875,540.5
gaze,1324,1059.5,699
gaze,1324,1047.5,940.5
gaze,1325,1129,825.5
gaze,1325,1011.5,861.5
gaze,1326,1161.5,745
gaze,1326,1307.5,644
gaze,1327,1176,652
gaze,1327,1326.5,696.5
gaze,1328,939.5,653
gaze,1328,939.5,653
gaze,1329,877.5,398.5
gaze,1329,987,413
gaze,1330,879.5,268.5
gaze,1330,1009.5,229.5
gaze,1331,1198.5,627
gaze,1331,1219,573.5
gaze,1332,1090,511.5
gaze,1332,1137,610.5
gaze,1333,898,546
gaze,1333,975.5,624.5
gaze,1334,980,912.5
gaze,1334,1014,888
gaze,1335,1064,994
gaze,1335,679,757.5
gaze,1336,1066,873
gaze,1337,732.5,690
gaze,1338,1470,1050
gaze,1339,913,907
gaze,1339,1542.5,1076
gaze,1340,930.5,883.5
gaze,1340,935.5,643.5
gaze,1341,882,628.5
gaze,1341,752.5,390.5
gaze,1342,647.5,333
gaze,1342,1112.5,435
gaze,1343,754.5,236
gaze,1343,1309.5,810
gaze,1344,603,112
gaze,1344,940,575
gaze,1345,657.5,90.5
gaze,1345,763,244.5
gaze,1346,921.5,359
gaze,1346,884,392
gaze,1347,819.5,453
gaze,1347,893.5,416.5
gaze,1348,711,426
gaze,1348,711,426
gaze,1349,720,552
gaze,1350,889.5,568
gaze,1350,981,703.5
gaze,1351,1151.5,775
gaze,1351,959.5,808.5
gaze,1352,985.5,736
gaze,1352,844.5,774
gaze,1353,679.5,578.5
gaze,1354,477,445
gaze,1354,405,367.5
gaze,1355,205.5,321
gaze,1355,281.5,253
gaze,1356,497.5,437
gaze,1357,533.5,465
gaze,1357,582.5,582
gaze,1358,587.5,683
gaze,1358,662,720.5
gaze,1359,566,655
gaze,1359,715.5,724.5
gaze,1360,656,600.5
gaze,1360,654.5,566
gaze,1361,794,644.5
gaze,1361,780.5,475.5
gaze,1362,945,739
gaze,1362,806.5,524
gaze,1363,795,665.5
gaze,1363,797.5,617
gaze,1364,797.5,617
gaze,1364,844.5,422.5
gaze,1365,924,630
gaze,1365,797.5,393.5
gaze,1366,877,601
gaze,1366,800,663
gaze,1367,797,823.5
gaze,1367,877.5,937
gaze,1368,545,824
gaze,1368,867,955
gaze,1369,465.5,495
gaze,1369,812.5,629.5
gaze,1370,710.5,324
gaze,1370,753,676.5
gaze,1371,608,540
gaze,1371,491,515
gaze,1372,401,533.5
gaze,1372,362.5,287
gaze,1373,383.5,253
gaze,1373,441,396
gaze,1374,437,326
gaze,1374,428,495
gaze,1375,558,369.5
gaze,1375,486.5,730.5
gaze,1376,622.5,601
gaze,1376,1004,957
gaze,1376,799.5,1054.5
gaze,1377,1042,768
gaze,1378,831.5,869.5
gaze,1378,544,457.5
gaze,1379,590.5,436.5
gaze,1379,521.5,532.5
gaze,1380,655,447
gaze,1380,458.5,736
gaze,1381,665.5,737
gaze,1381,446,805.5
gaze,1382,509,933
gaze,1382,766,973.5
gaze,1383,407,873.5
gaze,1384,765.5,941
gaze,1384,426.5,705
gaze,1385,655.5,593.5
gaze,1386,507,526
gaze,1386,864.5,662.5
gaze,1387,559.5,315.5
gaze,1387,658,521
gaze,1388,495.5,142.5
gaze,1389,328,107
gaze,1390,566,188
gaze,1390,476,254
gaze,1391,738.5,459.5
gaze,1391,648.5,525.5
gaze,1392,685.5,589.5
gaze,1392,685.5,589.5
gaze,1393,683,442
gaze,1394,683,442
gaze,1394,347,457
gaze,1395,422,406
gaze,1395,349,691.5
gaze,1396,377.5,660.5
gaze,1396,656.5,819
gaze,1397,835.5,892.5
gaze,1398,819,1005.5
gaze,1398,842.5,640
gaze,1399,867.5,611.5
gaze,1399,629,414.5
gaze,1400,843,362
gaze,1400,687.5,492
gaze,1401,1078.5,669
gaze,1401,941.5,553
gaze,1401,1116,634.5
gaze,1402,978.5,719.5
gaze,1402,1043,756
gaze,1403,906.5,918.5
gaze,1403,1008.5,900.5
gaze,1404,982.5,1078
gaze,1404,863,879.5
gaze,1405,788.5,893
gaze,1405,675.5,755.5
gaze,1406,731,825.5
gaze,1406,826,832.5
gaze,1407,726.5,916
gaze,1407,777.5,740
gaze,1408,570,512
gaze,1408,592,238
gaze,1409,533,93
gaze,1409,644.5,63
gaze,1410,688,0
gaze,1410,733.5,55
gaze,1411,649.5,107
gaze,1411,758,151.5
gaze,1412,478.5,73
gaze,1412,647.5,147
gaze,1413,581.5,3.5
gaze,1414,739.5,49
gaze,1414,653,0
gaze,1415,725.5,0
gaze,1415,603.5,0
gaze,1416,552.5,0
gaze,1416,553,37.5
gaze,1417,396.5,75.5
gaze,1417,418.5,236.5
gaze,1418,236.5,111
gaze,1418,188,72
gaze,1419,281,0
gaze,1419,230,0
gaze,1420,539.5,33.5
gaze,1420,639.5,157
gaze,1421,922.5,230.5
gaze,1421,1052,484
gaze,1422,1201.5,555
gaze,1422,1172,714.5
gaze,1423,1192.5,861
gaze,1423,993.5,879
gaze,1424,864,974
gaze,1424,855,970.5
gaze,1425,637.5,931
gaze,1425,804,895
gaze,1426,631,767.5
gaze,1427,664,692.5
gaze,1427,761,495.5
gaze,1428,669,405
gaze,1428,893.5,409.5
gaze,1429,868,427
gaze,1429,954.5,655.5
gaze,1430,928.5,703
gaze,1430,846,797
gaze,1431,708,834
gaze,1431,577.5,744.5
gaze,1432,631,733.5
gaze,1432,830,829.5
gaze,1433,921.5,744.5
gaze,1433,1019,1013
gaze,1434,1011.5,1036.5
gaze,1434,872,1088
gaze,1435,872,1088
gaze,1435,825.5,1088
gaze,1436,610,1054.5
gaze,1436,586.5,1079
gaze,1437,522,1049.5
gaze,1437,834,1088
gaze,1438,985,1088
gaze,1438,1128.5,1088
gaze,1439,1243.5,1088
gaze,1439,933,1041.5
gaze,1440,985.5,878.5
gaze,1440,896,867
gaze,1441,744.5,737
gaze,1441,818,614
gaze,1442,729,520
gaze,1442,721.5,321
gaze,1443,782.5,373
gaze,1443,754,216
gaze,1443,654,174.5
gaze,1444,947.5,455.5
gaze,1444,432.5,226
gaze,1445,836,538.5
gaze,1445,350,575.5
gaze,1446,604.5,551
gaze,1446,456,681
gaze,1447,701.5,686.5
gaze,1447,685,643.5
gaze,1448,755,614
gaze,1448,784.5,775.5
gaze,1449,753.5,684.5
gaze,1449,747,831
gaze,1450,851,937
gaze,1451,751.5,710
gaze,1451,919.5,731.5
gaze,1452,758,500
gaze,1452,883,598
gaze,1453,652.5,556
gaze,1453,724.5,722.5
gaze,1454,537.5,615.5
gaze,1454,572,605
gaze,1455,517.5,520.5
gaze,1455,541,526
gaze,1456,539.5,499.5
gaze,1456,711.5,764
gaze,1456,851,736
gaze,1457,988.5,978
gaze,1457,994.5,825
gaze,1458,1050.5,973
gaze,1458,1044.5,844
gaze,1459,1049.5,941.5
gaze,1459,1147.5,956.5
gaze,1460,1197.5,1008.5
gaze,1460,975,721
gaze,1461,1114.5,829
gaze,1461,1039.5,639
gaze,1462,899.5,608.5
gaze,1463,970.5,642.5
gaze,1463,884.5,659
gaze,1464,805,609.5
gaze,1464,772.5,730
gaze,1465,747,751
gaze,1465,553,925.5
gaze,1466,439.5,778.5
gaze,1466,657,813
gaze,1467,408,507
gaze,1467,723,469.5
gaze,1468,595.5,356
gaze,1468,589.5,368
gaze,1468,498,223.5
gaze,1469,511.5,226.5
gaze,1469,399.5,5.5
gaze,1470,413,8.5
gaze,1470,520.5,249.5
gaze,1471,502.5,214
gaze,1471,509.5,507
gaze,1472,570.5,525
gaze,1472,444.5,593
gaze,1473,559,630
gaze,1474,813,1013
gaze,1474,848.5,996.5
gaze,1475,1097.5,1088
gaze,1475,1008.5,1088
gaze,1476,1194,929.5
gaze,1476,802.5,794.5
gaze,1477,988.5,842.5
gaze,1477,895,619
gaze,1478,874.5,671
gaze,1479,1065,723
gaze,1479,896,648.5
gaze,1480,982.5,761
gaze,1480,864.5,670
gaze,1481,852.5,646
gaze,1481,1017.5,673
gaze,1482,830,574.5
gaze,1482,1242.5,676.5
gaze,1483,1211,689
gaze,1483,1195,519
gaze,1484,1368.5,568.5
gaze,1484,1056.5,434.5
gaze,1485,851.5,472.5
gaze,1485,1141.5,910
gaze,1486,802,919
gaze,1486,1110.5,1088
gaze,1487,1043.5,1087
gaze,1487,1060,1054.5
gaze,1488,1024.5,945.5
gaze,1489,1282.5,999.5
gaze,1489,1099,1016
gaze,1490,1134.5,907.5
gaze,1491,897.5,860
gaze,1491,1048.5,847
gaze,1492,748.5,566
gaze,1492,1206.5,778.5
gaze,1493,826.5,535
gaze,1493,954,681
gaze,1494,894,475
gaze,1494,859,600
gaze,1495,887,354
gaze,1495,798,442.5
gaze,1496,784,394.5
gaze,1496,917,610
gaze,1497,835.5,607.5
gaze,1497,902.5,706
gaze,1498,821,703.5
gaze,1498,840,569.5
gaze,1499,811.5,562.5
gaze,1499,943.5,535.5
gaze,1500,831.5,494.5
gaze,1500,898,549
gaze,1501,859.5,433.5
gaze,1501,924,465
gaze,1502,1020,325.5
gaze,1502,948,435
gaze,1503,1167.5,569.5
gaze,1503,1034,711.5
gaze,1504,1209,882
gaze,1504,1042,920
gaze,1505,1048.5,898
gaze,1505,853.5,727.5
gaze,1506,703,710
gaze,1506,862.5,637.5
gaze,1507,505.5,392
gaze,1507,812.5,629
gaze,1508,633,438
gaze,1508,664.5,357.5
gaze,1509,814.5,584.5
gaze,1509,658.5,376
gaze,1510,1009.5,669.5
gaze,1510,858,490.5
gaze,1511,953,743
gaze,1511,692,493.5
gaze,1512,559,642.5
gaze,1512,745,768
gaze,1513,745,768
gaze,1513,1051.5,1019
gaze,1513,1095.5,1088
gaze,1514,975.5,1088
gaze,1515,609,1054.5
gaze,1515,952,1088
gaze,1516,343.5,781
gaze,1517,702.5,736.5
gaze,1517,527.5,391
gaze,1518,515,263
gaze,1519,770,330
gaze,1519,540,0
gaze,1520,799.5,412
gaze,1520,552,36
gaze,1521,588.5,199.5
gaze,1521,732.5,348
gaze,1522,741.5,348.5
gaze,1522,888,483
gaze,1523,888,483
gaze,1523,801,422.5
gaze,1524,737,279
gaze,1524,760,256
gaze,1525,837,356
gaze,1525,908.5,370.5
gaze,1526,813,552.5
gaze,1526,985,652.5
gaze,1527,690.5,559.5
gaze,1527,774,673.5
gaze,1528,801.5,691
gaze,1528,412.5,633
gaze,1529,613,678.5
gaze,1529,342.5,453
gaze,1530,560.5,559.5
gaze,1530,772.5,415.5
gaze,1531,732.5,389
gaze,1532,1050,546.5
gaze,1532,788,433.5
gaze,1533,868.5,563.5
gaze,1533,844,633.5
gaze,1534,815.5,511
gaze,1534,878.5,765
gaze,1535,700,461.5
gaze,1535,889,839.5
gaze,1536,545,536.5
gaze,1536,765.5,707
gaze,1537,529.5,375
gaze,1537,743.5,496
gaze,1538,695.5,283.5
gaze,1538,905.5,442.5
gaze,1539,773.5,315
gaze,1539,1083.5,587.5
gaze,1540,847.5,410
gaze,1540,1170.5,522.5
gaze,1541,1127,613
gaze,1541,1065.5,498
gaze,1542,831,725.5
gaze,1542,789.5,669
gaze,1543,520,770.5
gaze,1543,558,653.5
gaze,1544,558,653.5
gaze,1544,734,595
gaze,1545,626,610
gaze,1545,789.5,623.5
gaze,1546,681.5,638.5
gaze,1547,1016.5,636.5
gaze,1547,929,669
gaze,1548,1267.5,648.5
gaze,1548,1130.5,815.5
gaze,1549,1130.5,815.5
gaze,1549,1046.5,835.5
gaze,1550,1040,820
gaze,1550,1063,680
gaze,1551,1049.5,591
gaze,1551,1091,700.5
gaze,1552,1051.5,618
gaze,1552,858,781
gaze,1553,856,691
gaze,1553,667.5,613
gaze,1554,802,484.5
gaze,1554,933,415.5
gaze,1555,1029.5,303
gaze,1555,1171.5,340
gaze,1555,1015,307
gaze,1556,1015,307
gaze,1556,920,424
gaze,1557,782,396.5
gaze,1557,1022,591.5
gaze,1558,940.5,647
gaze,1559,1126.5,757
gaze,1559,1080.5,705.5
gaze,1560,1080.5,705.5
gaze,1560,948.5,573.5
gaze,1561,1053,540
gaze,1561,920.5,510
gaze,1562,958.5,619.5
gaze,1562,841,588
gaze,1563,692,589
gaze,1563,934,751.5
gaze,1564,701,495
gaze,1564,1052,740.5
gaze,1565,1160,669.5
gaze,1565,1050.5,738.5
gaze,1566,1309,782
gaze,1566,1062.5,834
gaze,1567,942,798.5
gaze,1567,952,700
gaze,1568,831.5,664.5
gaze,1568,924,665.5
gaze,1569,894,538.5
gaze,1570,1032,672.5
gaze,1570,851,517.5
gaze,1571,881.5,460
gaze,1572,753.5,378
gaze,1572,518,299
gaze,1573,607.5,235
gaze,1573,605.5,482.5
gaze,1574,623.5,361.5
gaze,1574,789.5,663
gaze,1575,870,522.5
gaze,1576,682,484
gaze,1576,762,386
gaze,1577,574,347.5
gaze,1577,525.5,310
gaze,1578,525.5,310
gaze,1578,697.5,534
gaze,1579,705,578
gaze,1579,681.5,666
gaze,1580,689,710
gaze,1580,510.5,550
gaze,1581,552.5,548
gaze,1581,793,552
gaze,1582,730.5,363.5
gaze,1582,983,422
gaze,1583,855.5,411.5
gaze,1583,903,343
gaze,1584,722.5,457
gaze,1584,1006.5,579
gaze,1585,701.5,359.5
gaze,1585,974,622
gaze,1586,903,629.5
gaze,1586,731,566.5
gaze,1587,894,738
gaze,1587,814.5,547.5
gaze,1588,903.5,580
gaze,1588,723.5,345
gaze,1589,982.5,444
gaze,1589,667,249.5
gaze,1590,646,228
gaze,1590,629.5,286.5
gaze,1591,388.5,197.5
gaze,1591,371,265
gaze,1592,391,330.5
gaze,1592,354.5,325
gaze,1593,420.5,268
gaze,1593,420.5,268
gaze,1594,827.5,152
gaze,1594,543,153.5
gaze,1595,898,229.5
gaze,1595,688,303.5
gaze,1596,557.5,314.5
gaze,1596,741,349
gaze,1597,773.5,475
gaze,1597,843.5,465
gaze,1598,1271,786
gaze,1598,1154.5,784.5
gaze,1599,1079,539.5
gaze,1599,1001.5,510
gaze,1600,640,50.5
gaze,1600,805.5,175
gaze,1601,871,395.5
gaze,1601,1014,486.5
gaze,1602,1131.5,790.5
gaze,1602,1303,876.5
gaze,1603,1303,876.5
gaze,1603,1497,996
gaze,1604,1341.5,757.5
gaze,1604,1330.5,785
gaze,1605,1285.5,536.5
gaze,1605,1214.5,588
gaze,1606,1302.5,578.5
gaze,1607,1306.5,939
gaze,1607,1236.5,649.5
gaze,1608,1487,818
gaze,1609,1312,509
gaze,1609,1273,141
gaze,1610,1391.5,242
gaze,1610,1085,141
gaze,1611,1209.5,284.5
gaze,1611,1096.5,371
gaze,1612,1053.5,681
gaze,1612,701,424
gaze,1613,779.5,710.5
gaze,1613,459,466
gaze,1614,549,442
gaze,1614,679,372
gaze,1615,774.5,464.5
gaze,1615,788,455
gaze,1616,846,572.5
gaze,1616,632.5,706
gaze,1617,849,694.5
gaze,1617,778.5,783.5
gaze,1618,944.5,780
gaze,1618,925,650
gaze,1619,732.5,706.5
gaze,1619,825.5,644
gaze,1620,526.5,556
gaze,1620,882,640
gaze,1621,722.5,395
gaze,1621,905.5,350
gaze,1622,914.5,290
gaze,1622,779.5,189.5
gaze,1623,781,255
gaze,1623,679.5,200
gaze,1624,780.5,220
gaze,1624,808,244.5
gaze,1625,749.5,160.5
gaze,1625,777,185
gaze,1626,580,208.5
gaze,1626,696.5,352
gaze,1627,702.5,544.5
gaze,1627,875.5,773
gaze,1628,792,555.5
gaze,1628,848.5,640.5
gaze,1629,820.5,452
gaze,1629,948.5,652
gaze,1630,775,521.5
gaze,1630,903,721.5
gaze,1631,827.5,415.5
gaze,1631,824.5,499
gaze,1632,901,308.5
gaze,1632,898,392
gaze,1633,683.5,171
gaze,1633,683.5,171
gaze,1634,694,299.5
gaze,1634,694,299.5
gaze,1635,954.5,690
gaze,1635,963,319
gaze,1636,1077.5,468
gaze,1636,1086,97
gaze,1637,1154.5,270.5
gaze,1638,870,365.5
gaze,1638,940.5,544.5
gaze,1639,562.5,369
gaze,1639,916,515
gaze,1640,822.5,244.5
gaze,1640,1177.5,402.5
gaze,1641,1177.5,402.5
gaze,1641,1019,211
gaze,1642,1019,211
gaze,1642,836,19
gaze,1643,908,178
gaze,1643,908,178
gaze,1644,904.5,361.5
gaze,1644,962,391.5
gaze,1645,909,540.5
gaze,1645,898.5,582
gaze,1646,721.5,589.5
gaze,1646,653.5,601
gaze,1647,629.5,584.5
gaze,1647,582.5,619
gaze,1648,1026.5,853
gaze,1648,654.5,555
gaze,1649,969,604
gaze,1649,593,232.5
gaze,1650,651.5,219.5
gaze,1650,600.5,180.5
gaze,1651,644.5,237
gaze,1651,733.5,252.5
gaze,1652,656.5,194.5
gaze,1652,835.5,293.5
gaze,1653,881,247.5
gaze,1653,1032,384.5
gaze,1654,1046,564
gaze,1654,1125,680
gaze,1655,985,862.5
gaze,1655,897.5,744.5
gaze,1656,1128,931.5
gaze,1656,1030.5,639
gaze,1657,1134.5,799
gaze,1657,1159.5,711
gaze,1658,1049,720
gaze,1658,1125,755
gaze,1659,1006,527
gaze,1659,784,649.5
gaze,1660,988.5,422.5
gaze,1660,707.5,534
gaze,1661,991.5,562.5
gaze,1661,657,283
gaze,1662,588.5,309
gaze,1663,321,203.5
gaze,1663,431,357.5
gaze,1664,498,531.5
gaze,1664,723,637
gaze,1665,723,637
gaze,1665,907,625
gaze,1666,959.5,628.5
gaze,1666,926.5,602
gaze,1667,1209,505.5
gaze,1667,1123.5,583.5
gaze,1668,1190.5,407
gaze,1668,1220,513.5
gaze,1669,1029.5,463
gaze,1669,1029.5,463
gaze,1670,798.5,446
gaze,1670,798.5,446
gaze,1671,850,654.5
gaze,1671,761.5,536.5
gaze,1672,923,612
gaze,1672,792,501
gaze,1673,683,420
gaze,1673,581.5,457.5
gaze,1674,547,390
gaze,1674,488,420.5
gaze,1675,696.5,399.5
gaze,1675,734,297
gaze,1676,1029,605.5
gaze,1676,1011.5,275
gaze,1677,1501.5,810.5
gaze,1677,1489.5,480
gaze,1678,1518.5,506.5
gaze,1678,1561.5,404
gaze,1679,1388,322.5
gaze,1679,1388,322.5
gaze,1680,1406.5,529
gaze,1680,1499,504.5
gaze,1681,876,283.5
gaze,1681,968.5,259
gaze,1682,627.5,291
gaze,1682,627.5,291
gaze,1683,728.5,339.5
gaze,1683,728.5,339.5
gaze,1684,534,138
gaze,1684,488.5,119.5
gaze,1685,472,115
gaze,1685,449.5,95.5
gaze,1686,692.5,157
gaze,1686,792.5,213
gaze,1687,724,134.5
gaze,1687,805.5,200.5
gaze,1688,774.5,135
gaze,1688,874,363
gaze,1689,1042,507
gaze,1689,1137,726
gaze,1690,1172.5,793
gaze,1690,1117.5,692
gaze,1691,1119.5,592
gaze,1691,1064.5,491
gaze,1692,1177,586.5
gaze,1693,950.5,425
gaze,1693,1010.5,571.5
gaze,1694,834,328
gaze,1694,834,328
gaze,1695,823.5,285
gaze,1695,880,224.5
gaze,1696,826.5,389.5
gaze,1696,883,329
gaze,1697,879.5,753
gaze,1697,930,745.5
gaze,1698,812,874.5
gaze,1698,862.5,867
gaze,1699,792,641.5
gaze,1699,770.5,531.5
gaze,1700,890,438
gaze,1700,868.5,328
gaze,1701,896,207.5
gaze,1701,818.5,172
gaze,1702,852,187.5
gaze,1702,820.5,258
gaze,1703,799.5,653.5
gaze,1703,845.5,759.5
gaze,1704,723,597.5
gaze,1704,723,597.5
gaze,1705,873.5,361.5
gaze,1705,934,351.5
gaze,1706,1096.5,486.5
gaze,1706,1177.5,588
gaze,1707,979,264.5
gaze,1707,999.5,376
gaze,1708,639,201.5
gaze,1708,899,148
gaze,1709,588,136
gaze,1709,918.5,77.5
gaze,1710,681,88.5
gaze,1710,779.5,220
gaze,1711,680,239
gaze,1711,757.5,250
gaze,1712,853.5,188
gaze,1712,808.5,125.5
gaze,1713,1105,60.5
gaze,1713,897,93
gaze,1714,955.5,0
gaze,1714,842,0
gaze,1715,715.5,0
gaze,1715,492,41.5
gaze,1716,480.5,0
gaze,1716,308,187.5
gaze,1717,472.5,320.5
gaze,1717,439.5,158.5
gaze,1718,908,401.5
gaze,1718,761,419.5
gaze,1719,976.5,376.5
gaze,1719,932.5,468.5
gaze,1720,910.5,392.5
gaze,1720,960,499
gaze,1721,864.5,300
gaze,1721,895,392.5
gaze,1722,711,201.5
gaze,1722,711,201.5
gaze,1723,690,192.5
gaze,1723,853.5,431.5
gaze,1724,820.5,385.5
gaze,1724,873,730
gaze,1725,876.5,600
gaze,1725,789,817.5
gaze,1726,728.5,676
gaze,1726,821,803.5
gaze,1727,787,859
gaze,1727,830,714.5
gaze,1728,942.5,716.5
gaze,1728,916.5,556.5
gaze,1729,902.5,458
gaze,1729,997,527
gaze,1730,789.5,400.5
gaze,1730,1032.5,717.5
gaze,1731,860.5,515.5
gaze,1731,1039,738
gaze,1732,854.5,581.5
gaze,1732,884.5,556
gaze,1733,769.5,586.5
gaze,1733,778.5,585
gaze,1734,942,743
gaze,1734,761,759.5
gaze,1735,833.5,704
gaze,1735,683,721.5
gaze,1736,704.5,604.5
gaze,1736,695.5,654
gaze,1737,830,573
gaze,1737,781.5,623
gaze,1738,1044.5,576.5
gaze,1738,1041,652
gaze,1739,1453.5,822.5
gaze,1739,1450,898
gaze,1740,1332.5,790.5
gaze,1740,1344.5,820.5
gaze,1741,1104.5,616
gaze,1741,1066.5,628
gaze,1742,1154.5,631
gaze,1742,1195.5,666
gaze,1743,1155.5,792
gaze,1743,1184.5,666.5
gaze,1744,1232.5,724
gaze,1744,1121.5,625.5
gaze,1745,973,315.5
gaze,1745,1005,476.5
gaze,1746,765,353.5
gaze,1746,1202.5,391.5
gaze,1747,1178.5,491
gaze,1747,1355,412
gaze,1748,1355,412
gaze,1748,1056,328
gaze,1749,788.5,244.5
gaze,1750,782.5,372
gaze,1751,712.5,135.5
gaze,1751,818.5,231
gaze,1752,982.5,181
gaze,1752,980.5,111
gaze,1753,880,57.5
gaze,1753,796.5,178
gaze,1754,975.5,220.5
gaze,1754,887,331
gaze,1755,1111.5,424.5
gaze,1756,1126.5,635
gaze,1756,1105,529.5
gaze,1757,983,619
gaze,1757,983,619
gaze,1758,854.5,478
gaze,1758,848.5,473.5
gaze,1759,765,416.5
gaze,1759,759,412
gaze,1760,805,524.5
gaze,1760,773.5,429
gaze,1761,729.5,490
gaze,1761,807,539
gaze,1762,501.5,408.5
gaze,1762,610.5,553
gaze,1763,653,424.5
gaze,1763,533,316
gaze,1764,632.5,140
gaze,1764,381.5,298
gaze,1765,736.5,233
gaze,1765,595.5,557.5
gaze,1766,1008.5,758.5
gaze,1766,1021,803
gaze,1767,1037.5,992.5
gaze,1767,1060,979
gaze,1768,923.5,699.5
gaze,1768,897.5,769
gaze,1769,658.5,353.5
gaze,1769,614,401.5
gaze,1770,571.5,287.5
gaze,1770,488,315.5
gaze,1771,433,322.5
gaze,1771,503.5,488.5
gaze,1772,391.5,359
gaze,1772,764,661.5
gaze,1773,682,507.5
gaze,1773,838.5,719.5
gaze,1774,910,617
gaze,1774,805,642.5
gaze,1775,769,390.5
gaze,1775,1022,546.5
gaze,1776,982,373.5
gaze,1776,1216,531
gaze,1777,1080.5,390
gaze,1777,1123.5,412.5
gaze,1778,860.5,268.5
gaze,1778,920,429.5
gaze,1779,920,429.5
gaze,1779,836.5,611
gaze,1780,836.5,611
gaze,1781,629.5,664
gaze,1781,629.5,664
gaze,1782,569,791
gaze,1782,589.5,563.5
gaze,1783,686,836
gaze,1783,943,720.5
gaze,1784,786.5,659.5
gaze,1785,847,687.5
gaze,1785,661.5,405.5
gaze,1786,530,274.5
gaze,1786,567.5,392
gaze,1787,451,292.5
gaze,1787,517,511.5
gaze,1788,486,521
gaze,1788,492,558
gaze,1789,842.5,720.5
gaze,1789,616.5,629
gaze,1790,1009.5,638.5
gaze,1790,560,301.5
gaze,1791,976.5,456
gaze,1791,674,57
gaze,1792,914.5,530
gaze,1792,835.5,376.5
gaze,1793,748,508.5
gaze,1793,799.5,469.5
gaze,1794,758.5,553
gaze,1794,850.5,460
gaze,1795,906,483.5
gaze,1795,945,428.5
gaze,1796,852,347
gaze,1796,850.5,346
gaze,1797,888,350
gaze,1797,900,455.5
gaze,1798,1088.5,397.5
gaze,1798,1029.5,544.5
